-- PostgreSQL bootstrap + schema + seed for SistemaRenta
-- Database: servicios_portatiles
-- Run with psql as superuser, example: psql -U postgres -f public/sql_scripts/data.sql

SELECT 'CREATE DATABASE servicios_portatiles OWNER postgres ENCODING ''UTF8'' TEMPLATE template0'
WHERE NOT EXISTS (SELECT 1 FROM pg_database WHERE datname = 'servicios_portatiles')\gexec

\connect servicios_portatiles

CREATE SCHEMA IF NOT EXISTS renta AUTHORIZATION postgres;
SET search_path TO renta, public;

DO $$ BEGIN
  CREATE TYPE renta.estado_orden AS ENUM ('activo', 'terminado', 'cancelado');
EXCEPTION
  WHEN duplicate_object THEN null;
END $$;

DO $$ BEGIN
  CREATE TYPE renta.tipo_orden AS ENUM ('Obra', 'Evento', 'Otro');
EXCEPTION
  WHEN duplicate_object THEN null;
END $$;

DO $$ BEGIN
  CREATE TYPE renta.estatus_ruta AS ENUM ('pendiente', 'en_proceso', 'completado');
EXCEPTION
  WHEN duplicate_object THEN null;
END $$;

DO $$ BEGIN
  CREATE TYPE renta.metodo_pago AS ENUM ('Efectivo', 'Transferencia', 'Tarjeta');
EXCEPTION
  WHEN duplicate_object THEN null;
END $$;

DO $$ BEGIN
  CREATE TYPE renta.estatus_pago AS ENUM ('pagado', 'pendiente', 'vencido');
EXCEPTION
  WHEN duplicate_object THEN null;
END $$;

CREATE TABLE IF NOT EXISTS renta.usuarios (
  id BIGINT GENERATED BY DEFAULT AS IDENTITY PRIMARY KEY,
  username VARCHAR(100) NOT NULL UNIQUE,
  password_plain VARCHAR(255) NOT NULL,
  created_at TIMESTAMPTZ NOT NULL DEFAULT NOW()
);

CREATE TABLE IF NOT EXISTS renta.clientes (
  id BIGINT PRIMARY KEY,
  nombre VARCHAR(255) NOT NULL,
  telefono VARCHAR(50) NOT NULL DEFAULT '',
  email VARCHAR(255) NOT NULL DEFAULT '',
  empresa VARCHAR(255) NOT NULL DEFAULT '',
  rfc VARCHAR(30) NOT NULL DEFAULT '',
  domicilio TEXT NOT NULL,
  created_at DATE NOT NULL
);

CREATE TABLE IF NOT EXISTS renta.productos (
  id BIGINT PRIMARY KEY,
  nombre VARCHAR(255) NOT NULL,
  descripcion TEXT NOT NULL,
  precio_renta NUMERIC(12,2) NOT NULL,
  stock INTEGER NOT NULL CHECK (stock >= 0),
  activo BOOLEAN NOT NULL DEFAULT TRUE,
  color VARCHAR(100),
  notas TEXT,
  eje VARCHAR(100),
  medida VARCHAR(100),
  tanques INTEGER,
  agua INTEGER,
  drenaje INTEGER,
  tablones INTEGER,
  ruedas INTEGER,
  tiempo INTEGER
);

CREATE TABLE IF NOT EXISTS renta.ordenes (
  id BIGINT PRIMARY KEY,
  cliente_id BIGINT,
  cliente_nombre VARCHAR(255) NOT NULL,
  tipo renta.tipo_orden NOT NULL,
  estado renta.estado_orden NOT NULL,
  renta NUMERIC(12,2) NOT NULL,
  producto VARCHAR(255) NOT NULL,
  cantidad INTEGER NOT NULL CHECK (cantidad > 0),
  ruta SMALLINT NOT NULL CHECK (ruta > 0),
  frecuencia VARCHAR(120) NOT NULL,
  domicilio TEXT NOT NULL,
  map_lat NUMERIC(10,7),
  map_lng NUMERIC(10,7),
  fecha_inicio DATE NOT NULL,
  fecha_fin DATE,
  notas TEXT NOT NULL DEFAULT '',
  created_at DATE NOT NULL,
  updated_at DATE NOT NULL,
  CONSTRAINT fk_orden_cliente
    FOREIGN KEY (cliente_id)
    REFERENCES renta.clientes(id)
    ON UPDATE CASCADE
    ON DELETE SET NULL
);

CREATE TABLE IF NOT EXISTS renta.pagos (
  id BIGINT PRIMARY KEY,
  orden_id BIGINT NOT NULL,
  cliente_nombre VARCHAR(255) NOT NULL,
  monto NUMERIC(12,2) NOT NULL,
  metodo renta.metodo_pago NOT NULL,
  fecha DATE,
  concepto TEXT NOT NULL,
  estatus renta.estatus_pago NOT NULL,
  CONSTRAINT fk_pago_orden
    FOREIGN KEY (orden_id)
    REFERENCES renta.ordenes(id)
    ON UPDATE CASCADE
    ON DELETE CASCADE
);

CREATE TABLE IF NOT EXISTS renta.registros_ruta (
  id BIGINT PRIMARY KEY,
  orden_id BIGINT NOT NULL,
  cliente VARCHAR(255) NOT NULL,
  ubicacion TEXT NOT NULL,
  map_lat NUMERIC(10,7),
  map_lng NUMERIC(10,7),
  notas TEXT NOT NULL DEFAULT '',
  estatus renta.estatus_ruta NOT NULL,
  evidencia1 TEXT,
  evidencia2 TEXT,
  evidencia3 TEXT,
  evidencia4 TEXT,
  evidencia5 TEXT,
  firma TEXT,
  hora_firma TIME,
  ruta SMALLINT NOT NULL CHECK (ruta > 0),
  dia VARCHAR(20) NOT NULL,
  fecha DATE NOT NULL,
  CONSTRAINT fk_registro_orden
    FOREIGN KEY (orden_id)
    REFERENCES renta.ordenes(id)
    ON UPDATE CASCADE
    ON DELETE CASCADE
);

CREATE INDEX IF NOT EXISTS idx_ordenes_cliente_id ON renta.ordenes (cliente_id);
CREATE INDEX IF NOT EXISTS idx_ordenes_ruta ON renta.ordenes (ruta);
CREATE INDEX IF NOT EXISTS idx_ordenes_estado ON renta.ordenes (estado);
CREATE INDEX IF NOT EXISTS idx_pagos_orden_id ON renta.pagos (orden_id);
CREATE INDEX IF NOT EXISTS idx_pagos_estatus ON renta.pagos (estatus);
CREATE INDEX IF NOT EXISTS idx_registros_ruta_orden_id ON renta.registros_ruta (orden_id);
CREATE INDEX IF NOT EXISTS idx_registros_ruta_fecha ON renta.registros_ruta (fecha);

BEGIN;
SET search_path TO renta, public;

-- Optional cleanup for idempotent re-run
TRUNCATE TABLE renta.registros_ruta, renta.pagos, renta.ordenes, renta.productos, renta.clientes, renta.usuarios RESTART IDENTITY CASCADE;

INSERT INTO renta.usuarios (username, password_plain) VALUES ('admin', 'admin123');

INSERT INTO renta.clientes (id, nombre, telefono, email, empresa, rfc, domicilio, created_at) VALUES
  (1, 'Flores y Sifuentes', NULL, NULL, 'Flores y Sifuentes', NULL, 'Av. Juarez y 28', '2026-04-09'::date),
  (2, 'Calú Sushi', NULL, NULL, 'Calú Sushi', NULL, 'Hidalgo y 24', '2026-04-09'::date),
  (3, '816 Arquitectos', NULL, NULL, '816 Arquitectos', NULL, 'Ejido Islita', '2026-04-09'::date),
  (4, 'M+Q', NULL, NULL, 'M+Q', NULL, 'Parque Industrial Daewoo', '2026-04-09'::date),
  (5, 'Carlos Vanegas', NULL, NULL, 'Carlos Vanegas', NULL, 'Empaque', '2026-04-09'::date),
  (6, 'Ameron', NULL, NULL, 'Ameron', NULL, 'Carretera Sonoyta / NW Pipe', '2026-04-09'::date),
  (7, 'Hr Electro Servicios', NULL, NULL, 'Hr Electro Servicios', NULL, 'Carretera Mexicali', '2026-04-09'::date),
  (8, 'Holiday Inn / Ingeniería y desarrollos urbanos', NULL, NULL, 'Holiday Inn / Ingeniería y desarrollos urbanos', NULL, 'Av. Obregón', '2026-04-09'::date),
  (9, 'Adrian Meza / 653 283 1955', NULL, NULL, 'Adrian Meza', NULL, 'Av. Nayarit y calle 27 #2700', '2026-04-09'::date),
  (10, 'Antonio Campas ', NULL, NULL, 'Antonio Campas ', NULL, 'Jalisco y Avetos', '2026-04-09'::date),
  (11, 'Gastón Tapia Hijo', NULL, NULL, 'Gastón Tapia Hijo', NULL, 'Cerrada Zaragoza entre 2 y 3', '2026-04-09'::date),
  (12, 'Edga Gamez / 001 928 398 0702', NULL, NULL, 'Edga Gamez', NULL, 'Av. Taulipas 28 y 29 #2805, casa ginda cerco blanco', '2026-04-09'::date),
  (13, 'Eléctrica Díaz', NULL, NULL, 'Eléctrica Díaz', NULL, 'Hidalgo y Primera', '2026-04-09'::date),
  (14, 'Benjamin Cadena', NULL, NULL, 'Benjamin Cadena', NULL, 'Chihuahua y Soto', '2026-04-09'::date),
  (15, 'Manuel Medina', NULL, NULL, 'Manuel Medina', NULL, 'Tamaulipas y 11, esquina noroeste', '2026-04-09'::date),
  (16, 'Fernanda Felix / 653 136 8045', NULL, NULL, 'Fernanda Felix', NULL, 'Escalonias 11 y 12 / barda ladrillo, porton herrería', '2026-04-09'::date),
  (17, 'Lido Camacho', NULL, NULL, 'Lido Camacho', NULL, 'Hortencias y 12 ', '2026-04-09'::date),
  (18, 'RESERVAS TERRITORIALES', NULL, NULL, 'RESERVAS TERRITORIALES', NULL, 'Frente a UT', '2026-04-09'::date),
  (19, 'Kohmi Textilera', NULL, NULL, 'Kohmi Textilera', NULL, 'Parque Industrial', '2026-04-09'::date),
  (20, 'Hidrogas', NULL, NULL, 'Hidrogas', NULL, 'Av. Puebla y 7', '2026-04-09'::date),
  (21, 'Fortunato Ortiz', NULL, NULL, 'Fortunato Ortiz', NULL, '16 de septiembre y 45 en la esquina', '2026-04-09'::date),
  (22, 'Fortunato Ortiz', NULL, NULL, 'Fortunato Ortiz', NULL, 'COAHUILA A Y 46', '2026-04-09'::date),
  (23, 'Jesus Palominos', NULL, NULL, 'Jesus Palominos', NULL, 'Laureles', '2026-04-09'::date),
  (24, 'Vicente Zuno', NULL, NULL, 'Vicente Zuno', NULL, 'Av. Felix Contreras y 32', '2026-04-09'::date),
  (25, 'Kristofer Gonzalez 653 127 7822', NULL, NULL, 'Kristofer Gonzalez 653 127 7822', NULL, 'Mérida A 29 y 30', '2026-04-09'::date),
  (26, 'Melissa Ramirez', NULL, NULL, 'Melissa Ramirez', NULL, 'Reservas Territoriales', '2026-04-09'::date),
  (27, 'Ivan Bernal / 653 106 9091', NULL, NULL, 'Ivan Bernal', NULL, 'Tamaulipas 34-35', '2026-04-09'::date),
  (28, 'Josue Esau / Inco', NULL, NULL, 'Josue Esau / Inco', NULL, 'Cjon Sonora 14 y 15', '2026-04-09'::date),
  (29, 'Gasolinera Bonfil', NULL, NULL, 'Gasolinera Bonfil', NULL, 'Carretera al Valle', '2026-04-09'::date),
  (30, 'Antonio Morales / 653 127 5881', NULL, NULL, 'Antonio Morales', NULL, 'Cjon Kino y Cuahutemoc', '2026-04-09'::date),
  (31, 'Hector Encinas', NULL, NULL, 'Hector Encinas', NULL, 'Kino y 23', '2026-04-09'::date),
  (32, 'Cesar Castro / 653 177 9121', NULL, NULL, 'Cesar Castro', NULL, 'Cjon Zaragoza 12 y 13, acera norte', '2026-04-09'::date),
  (33, 'Inmobiliria Eloy Carmelo / Imss', NULL, NULL, 'Inmobiliria Eloy Carmelo / Imss', NULL, 'Imss parque Industrial', '2026-04-09'::date),
  (34, 'Gaston Tapia ', NULL, NULL, 'Gaston Tapia ', NULL, 'Zaragoza 22-23 acera sur', '2026-04-09'::date),
  (35, 'Francisco Olea', NULL, NULL, 'Francisco Olea', NULL, 'Cjon. Internacional 22 y 23', '2026-04-09'::date),
  (36, 'Gustavo Higuera / 653 130 6632 / Jorge Arce', NULL, NULL, 'Gustavo Higuera / Jorge Arce', NULL, 'Callejón Guadalupe Victoria entra calle 9 y 10 lado sur', '2026-04-09'::date),
  (37, 'Guadalupe Santa Cruz', NULL, NULL, 'Guadalupe Santa Cruz', NULL, 'Cjón Juarez 27 y 28', '2026-04-09'::date),
  (38, 'Marcos Núñez', NULL, NULL, 'Marcos Núñez', NULL, 'Av. Francisco sarabia y calle brasil, frente a afora 2', '2026-04-09'::date),
  (39, '816 Arquitectos', NULL, NULL, '816 Arquitectos', NULL, 'Cerca de Rancho Gomez', '2026-04-09'::date),
  (40, 'Grupo Centra', NULL, NULL, 'Grupo Centra', NULL, 'Quintana Roo y 26', '2026-04-09'::date),
  (41, 'Blas Mechanical', NULL, NULL, 'Blas Mechanical', NULL, 'Holiday Inn', '2026-04-09'::date),
  (42, 'Ubora', NULL, NULL, 'Ubora', NULL, 'Flex Parque Industrial', '2026-04-09'::date),
  (43, 'Rivera Gas', NULL, NULL, 'Rivera Gas', NULL, 'Av. Jalapa y 41', '2026-04-09'::date);

INSERT INTO renta.productos (id, nombre, descripcion, precio_renta, stock, activo, color, notas, eje, medida, tanques, agua, drenaje, tablones, ruedas, tiempo) VALUES
  (1, 'Baño Portátil Estándar', 'Baño portátil tipo estándar con tanque de 250L', 1500, 50, TRUE, 'Azul', 'Tanque de 250L', NULL, NULL, NULL, NULL, NULL, NULL, NULL, NULL),
  (2, 'Lavamanos Portátil', 'Estación de lavamanos portátil con depósito de agua', 800, 20, TRUE, 'Gris', 'Incluye depósito de agua', NULL, NULL, NULL, NULL, NULL, NULL, NULL, NULL),
  (3, 'Caseta', 'Caseta para renta con configuración personalizable', 2200, 6, TRUE, NULL, NULL, NULL, NULL, NULL, NULL, NULL, NULL, NULL, NULL),
  (4, 'Andiamos', 'Andamio para renta con accesorios configurables', 950, 12, TRUE, NULL, NULL, NULL, NULL, NULL, NULL, NULL, NULL, NULL, NULL);

INSERT INTO renta.ordenes (id, cliente_id, cliente_nombre, tipo, estado, renta, producto, cantidad, ruta, frecuencia, domicilio, map_lat, map_lng, fecha_inicio, fecha_fin, notas, created_at, updated_at) VALUES
  (1001, 1, 'Flores y Sifuentes', 'Obra', 'activo', 1600, 'Baño portatil', 1, 1, 'Lunes', 'Av. Juarez y 28', NULL, NULL, '2026-02-02'::date, '2026-03-02'::date, NULL, '2026-02-02'::date, '2026-02-02'::date),
  (1002, 2, 'Calú Sushi', 'Obra', 'activo', 1600, 'Baño portatil', 1, 1, 'Lunes', 'Hidalgo y 24', NULL, NULL, '2026-02-05'::date, '2026-03-05'::date, NULL, '2026-02-05'::date, '2026-02-05'::date),
  (1003, 3, '816 Arquitectos', 'Obra', 'activo', 2000, 'Baño portatil', 1, 1, 'Lunes', 'Ejido Islita', NULL, NULL, '2026-02-11'::date, '2026-03-11'::date, NULL, '2026-02-11'::date, '2026-02-11'::date),
  (1004, 4, 'M+Q', 'Obra', 'activo', 1600, 'Baño portatil', 1, 1, 'Lunes', 'Parque Industrial Daewoo', NULL, NULL, '2026-02-12'::date, '2026-03-12'::date, NULL, '2026-02-12'::date, '2026-02-12'::date),
  (1005, 5, 'Carlos Vanegas', 'Obra', 'activo', 7500, 'Baño portatil', 5, 1, 'Lunes', 'Empaque', NULL, NULL, '2026-02-12'::date, '2026-03-12'::date, 'Paga al fin de mes', '2026-02-12'::date, '2026-02-12'::date),
  (1006, 6, 'Ameron', 'Obra', 'activo', 6000, 'Baño portatil', 3, 1, 'Lunes', 'Carretera Sonoyta / NW Pipe', NULL, NULL, '2026-02-06'::date, '2026-03-13'::date, NULL, '2026-02-06'::date, '2026-02-06'::date),
  (1007, 7, 'Hr Electro Servicios', 'Obra', 'activo', 7200, 'Baño portatil', 2, 1, 'Lunes', 'Carretera Mexicali', NULL, NULL, '2026-02-15'::date, '2026-03-15'::date, NULL, '2026-02-15'::date, '2026-02-15'::date),
  (1008, 8, 'Holiday Inn / Ingeniería y desarrollos urbanos', 'Obra', 'activo', 7800, 'Baño portatil', 3, 1, 'Lunes', 'Av. Obregón', NULL, NULL, '2026-02-18'::date, '2026-03-18'::date, NULL, '2026-02-18'::date, '2026-02-18'::date),
  (1009, 9, 'Adrian Meza / 653 283 1955', 'Obra', 'activo', 1600, 'Baño portatil', 1, 1, 'Lunes', 'Av. Nayarit y calle 27 #2700 esquina. Departamentos beige cocheras herrería color negro', NULL, NULL, '2026-02-19'::date, '2026-03-19'::date, NULL, '2026-02-19'::date, '2026-02-19'::date),
  (1010, 43, 'Rivera Gas', 'Obra', 'activo', 1600, 'Baño portatil', 1, 1, 'Lunes', 'Av. Jalapa y 41', NULL, NULL, '2026-02-20'::date, '2026-03-20'::date, NULL, '2026-02-20'::date, '2026-02-20'::date),
  (1011, 10, 'Antonio Campas', 'Obra', 'activo', 1600, 'Baño portatil', 1, 1, 'Lunes', 'Jalisco y Avetos', NULL, NULL, '2026-02-20'::date, '2026-03-20'::date, NULL, '2026-02-20'::date, '2026-02-20'::date),
  (1012, 11, 'Gastón Tapia Hijo', 'Obra', 'activo', 1600, 'Baño portatil', 1, 1, 'Lunes', 'Cerrada Zaragoza entre 2 y 3', NULL, NULL, '2026-02-23'::date, '2026-03-23'::date, NULL, '2026-02-23'::date, '2026-02-23'::date),
  (1013, 12, 'Edga Gamez / 001 928 398 0702', 'Obra', 'activo', 1600, 'Baño portatil', 1, 1, 'Lunes', 'Av. Taulipas 28 y 29 #2805, casa ginda cerco blanco', NULL, NULL, '2026-02-24'::date, '2026-03-24'::date, NULL, '2026-02-24'::date, '2026-02-24'::date),
  (1014, 13, 'Eléctrica Díaz', 'Obra', 'activo', 1600, 'Baño portatil', 1, 1, 'Lunes', 'Hidalgo y Primera', NULL, NULL, '2026-02-24'::date, '2026-03-24'::date, NULL, '2026-02-24'::date, '2026-02-24'::date),
  (1015, 14, 'Benjamin Cadena', 'Obra', 'activo', 1600, 'Baño portatil', 1, 1, 'Lunes', 'Chihuahua y Soto', NULL, NULL, '2026-02-25'::date, '2026-03-25'::date, NULL, '2026-02-25'::date, '2026-02-25'::date),
  (1016, 15, 'Manuel Medina', 'Obra', 'activo', 1600, 'Baño portatil', 1, 1, 'Lunes', 'Tamaulipas y 11, esquina noroeste', NULL, NULL, '2026-02-27'::date, '2026-03-27'::date, NULL, '2026-02-27'::date, '2026-02-27'::date),
  (1017, 16, 'Fernanda Felix / 653 136 8045', 'Obra', 'activo', 1600, 'Baño portatil', 1, 1, 'Lunes', 'Escalonias 11 y 12 / barda ladrillo, porton herrería', NULL, NULL, '2026-02-27'::date, '2026-03-27'::date, NULL, '2026-02-27'::date, '2026-02-27'::date),
  (1018, 17, 'Lido Camacho', 'Obra', 'activo', 1600, 'Baño portatil', 1, 1, 'Lunes', 'Hortencias y 12 ', NULL, NULL, '2026-02-28'::date, '2026-03-28'::date, NULL, '2026-02-28'::date, '2026-02-28'::date),
  (1019, 18, 'RESERVAS TERRITORIALES', 'Obra', 'activo', 1600, 'Baño portatil', 1, 1, 'Lunes', 'Frente a UT', NULL, NULL, '2026-02-28'::date, '2026-03-28'::date, NULL, '2026-02-28'::date, '2026-02-28'::date),
  (1020, 19, 'Kohmi Textilera', 'Obra', 'activo', 1400, 'Baño portatil', 1, 1, 'Lunes', 'Parque Industrial', NULL, NULL, '2026-02-28'::date, '2026-03-28'::date, NULL, '2026-02-28'::date, '2026-02-28'::date),
  (1021, 20, 'Hidrogas', 'Obra', 'activo', 1500, 'Baño portatil', 1, 1, 'Lunes', 'Av. Puebla y 7', NULL, NULL, '2026-03-01'::date, '2026-04-01'::date, NULL, '2026-03-01'::date, '2026-03-01'::date),
  (1022, 21, 'Fortunato Ortiz', 'Obra', 'activo', 1300, 'Baño portatil', 1, 1, 'Lunes', '16 de septiembre y 45 en la esquina', NULL, NULL, '2026-03-02'::date, '2026-04-02'::date, NULL, '2026-03-02'::date, '2026-03-02'::date),
  (1023, 21, 'Fortunato Ortiz', 'Obra', 'activo', 1300, 'Baño portatil', 1, 1, 'Lunes', 'COAHUILA A Y 46', NULL, NULL, '2026-03-02'::date, '2026-04-02'::date, NULL, '2026-03-02'::date, '2026-03-02'::date),
  (1024, 23, 'Jesus Palominos', 'Obra', 'activo', 1600, 'Baño portatil', 1, 1, 'Lunes', 'Laureles', NULL, NULL, '2026-03-02'::date, '2026-04-02'::date, NULL, '2026-03-02'::date, '2026-03-02'::date),
  (1025, 24, 'Vicente Zuno', 'Obra', 'activo', 1600, 'Baño portatil', 1, 1, 'Lunes', 'Av. Felix Contreras y 32', NULL, NULL, '2026-03-03'::date, '2026-04-03'::date, 'Paga al fin de mes', '2026-03-03'::date, '2026-03-03'::date),
  (1026, 25, 'Kristofer Gonzalez 653 127 7822', 'Obra', 'activo', 2600, 'Baño portatil', 1, 1, 'Lunes', 'Mérida A 29 y 30', NULL, NULL, '2026-03-04'::date, '2026-04-04'::date, NULL, '2026-03-04'::date, '2026-03-04'::date),
  (1027, 26, 'Melissa Ramirez', 'Obra', 'activo', 1600, 'Baño portatil', 1, 1, 'Lunes', 'Reservas Territoriales', NULL, NULL, '2026-03-04'::date, '2026-04-04'::date, NULL, '2026-03-04'::date, '2026-03-04'::date),
  (1028, 27, 'Ivan Bernal / 653 106 9091', 'Obra', 'activo', 1600, 'Baño portatil', 1, 1, 'Lunes', 'Tamaulipas 34-35', NULL, NULL, '2026-03-05'::date, '2026-04-05'::date, NULL, '2026-03-05'::date, '2026-03-05'::date),
  (1029, 28, 'Josue Esau / Inco', 'Obra', 'activo', 1600, 'Baño portatil', 1, 1, 'Lunes', 'Cjon Sonora 14 y 15', NULL, NULL, '2026-03-05'::date, '2026-04-05'::date, NULL, '2026-03-05'::date, '2026-03-05'::date),
  (1030, 29, 'Gasolinera Bonfil', 'Obra', 'activo', 11200, 'Baño portatil', 1, 1, 'Lunes', 'Carretera al Valle', NULL, NULL, '2026-03-05'::date, '2026-04-05'::date, NULL, '2026-03-05'::date, '2026-03-05'::date),
  (1031, 30, 'Antonio Morales / 653 127 5881', 'Obra', 'activo', 1600, 'Baño portatil', 1, 1, 'Lunes', 'Cjon Kino y Cuahutemoc', NULL, NULL, '2026-03-06'::date, '2026-04-06'::date, NULL, '2026-03-06'::date, '2026-03-06'::date),
  (1032, 31, 'Hector Encinas', 'Obra', 'activo', 1600, 'Baño portatil', 1, 1, 'Lunes', 'Kino y 23', NULL, NULL, '2026-03-06'::date, '2026-04-06'::date, NULL, '2026-03-06'::date, '2026-03-06'::date),
  (1033, 32, 'Cesar Castro / 653 177 9121', 'Obra', 'activo', 1600, 'Baño portatil', 1, 1, 'Lunes', 'Cjon Zaragoza 12 y 13, acera norte', NULL, NULL, '2026-03-06'::date, '2026-04-06'::date, NULL, '2026-03-06'::date, '2026-03-06'::date),
  (1034, 33, 'Inmobiliria Eloy Carmelo / Imss', 'Obra', 'activo', 39600, 'Baño portatil', 11, 1, 'Lunes', 'Imss parque Industrial', NULL, NULL, '2026-03-06'::date, '2026-04-06'::date, 'Paga al fin de mes', '2026-03-06'::date, '2026-03-06'::date),
  (1035, 34, 'Gaston Tapia', 'Obra', 'activo', 1600, 'Baño portatil', 1, 1, 'Lunes', 'Zaragoza 22-23 acera sur', NULL, NULL, '2026-03-10'::date, '2026-04-10'::date, NULL, '2026-03-10'::date, '2026-03-10'::date),
  (1036, 35, 'Francisco Olea', 'Obra', 'activo', 1500, 'Baño portatil', 1, 1, 'Lunes', 'Cjon. Internacional 22 y 23', NULL, NULL, '2026-03-10'::date, '2026-04-10'::date, NULL, '2026-03-10'::date, '2026-03-10'::date),
  (1037, 36, 'Gustavo Higuera / 653 130 6632 / Jorge Arce', 'Obra', 'activo', 1600, 'Baño portatil', 1, 1, 'Lunes', 'Callejón Guadalupe Victoria entra calle 9 y 10 lado sur', NULL, NULL, '2026-03-10'::date, '2026-04-10'::date, NULL, '2026-03-10'::date, '2026-03-10'::date),
  (1038, 37, 'Guadalupe Santa Cruz', 'Obra', 'activo', 1600, 'Baño portatil', 1, 1, 'Lunes', 'Cjón Juarez 27 y 28', NULL, NULL, '2026-03-10'::date, '2026-04-10'::date, NULL, '2026-03-10'::date, '2026-03-10'::date),
  (1039, 38, 'Marcos Núñez', 'Obra', 'activo', 1600, 'Baño portatil', 1, 1, 'Lunes', 'Av. Francisco sarabia y calle brasil, frente a afora 2', NULL, NULL, '2026-03-11'::date, '2026-04-11'::date, NULL, '2026-03-11'::date, '2026-03-11'::date),
  (1040, 3, '816 Arquitectos', 'Obra', 'activo', 1600, 'Baño portatil', 1, 1, 'Lunes', 'Cerca de Rancho Gomez', NULL, NULL, '2026-03-11'::date, '2026-04-11'::date, NULL, '2026-03-11'::date, '2026-03-11'::date),
  (1041, 40, 'Grupo Centra', 'Obra', 'activo', 1600, 'Baño portatil', 1, 1, 'Lunes', 'Quintana Roo y 26', NULL, NULL, '2026-03-12'::date, '2026-04-12'::date, NULL, '2026-03-12'::date, '2026-03-12'::date),
  (1042, 41, 'Blas Mechanical', 'Obra', 'activo', 2600, 'Baño portatil', 1, 1, 'Lunes', 'Holiday Inn', NULL, NULL, '2026-03-17'::date, '2026-04-17'::date, NULL, '2026-03-17'::date, '2026-03-17'::date),
  (1043, 42, 'Ubora', 'Obra', 'activo', 1600, 'Baño portatil', 1, 1, 'Lunes', 'Flex Parque Industrial', NULL, NULL, '2026-01-01'::date, '2026-05-01'::date, NULL, '2026-01-01'::date, '2026-01-01'::date),
  (1044, NULL, 'ReaClima', 'Otro', 'activo', 7000, 'Eje sencillo / gris', 1, 1, 'Lunes', 'Hospital Osmed', NULL, NULL, '2026-01-22'::date, '2026-02-22'::date, NULL, '2026-01-22'::date, '2026-01-22'::date),
  (1045, NULL, 'Bombatec', 'Otro', 'activo', 10000, 'Eje sencillo', 1, 1, 'Lunes', 'Imss Parque industrial', NULL, NULL, '2026-02-01'::date, '2026-03-01'::date, NULL, '2026-02-01'::date, '2026-02-01'::date),
  (1046, NULL, 'GP3 / Pedro Ochoa', 'Otro', 'activo', 9000, 'Doble Eje', 1, 1, 'Lunes', 'Sonora Star Puerto Peñasco', NULL, NULL, '2026-03-06'::date, '2026-04-06'::date, NULL, '2026-03-06'::date, '2026-03-06'::date),
  (1047, 19, 'Kohmi Textilera', 'Otro', 'activo', 2000, 'Eje sencillo', 1, 1, 'Lunes', 'Parque Industrial', NULL, NULL, '2026-02-28'::date, '2026-03-28'::date, NULL, '2026-02-28'::date, '2026-02-28'::date),
  (1048, NULL, 'GDI / DIEGO LOZANO', 'Otro', 'activo', 3000, 'Eje sencillo', 1, 1, 'Lunes', 'Carretera a Sonoyta', NULL, NULL, '2026-03-01'::date, '2026-04-01'::date, NULL, '2026-03-01'::date, '2026-03-01'::date),
  (1049, 25, 'Kristofer Gonzalez 653 127 7822', 'Otro', 'activo', 4500, 'Eje sencillo', 1, 1, 'Lunes', 'Mérida A 29 y 30', NULL, NULL, '2026-03-04'::date, '2026-04-04'::date, NULL, '2026-03-04'::date, '2026-03-04'::date),
  (1050, NULL, 'AIRMAT México', 'Otro', 'activo', 6500, 'Eje sencillo / gris', 1, 1, 'Lunes', 'Gonzalez Ortega / Mexicali', NULL, NULL, '2026-03-10'::date, '2026-04-10'::date, NULL, '2026-03-10'::date, '2026-03-10'::date),
  (1051, 13, 'Electrica Díaz', 'Otro', 'activo', 3750, 'Andiamos', 7, 1, 'Lunes', 'Hospital Osmed', NULL, NULL, '2026-03-02'::date, '2026-03-17'::date, NULL, '2026-03-02'::date, '2026-03-02'::date);

INSERT INTO renta.pagos (id, orden_id, cliente_nombre, monto, metodo, fecha, concepto, estatus) VALUES
  (1, 1001, 'Flores y Sifuentes', 1600, 'Transferencia', NULL, 'Mes de marzo', 'pendiente'),
  (2, 1002, 'Calú Sushi', 1600, 'Efectivo', NULL, 'Mes de marzo', 'pendiente'),
  (3, 1003, '816 Arquitectos', 2000, 'Transferencia', NULL, 'Mes de marzo', 'pendiente'),
  (4, 1004, 'M+Q', 1600, 'Transferencia', NULL, 'Mes de marzo', 'pendiente'),
  (5, 1005, 'Carlos Vanegas', 7500, 'Transferencia', NULL, 'Mes de marzo', 'pendiente'),
  (6, 1006, 'Ameron', 6000, 'Transferencia', NULL, 'Mes de marzo', 'pendiente'),
  (7, 1007, 'Hr Electro Servicios', 7200, 'Transferencia', NULL, 'Mes de marzo', 'pendiente'),
  (8, 1008, 'Holiday Inn / Ingeniería y desarrollos urbanos', 7800, 'Transferencia', NULL, 'Mes de marzo', 'pagado'),
  (9, 1009, 'Adrian Meza / 653 283 1955', 1600, 'Transferencia', NULL, 'Mes de marzo', 'pagado'),
  (10, 1010, 'Rivera Gas', 1600, 'Efectivo', NULL, 'Mes de marzo', 'pagado'),
  (11, 1011, 'Antonio Campas ', 1600, 'Efectivo', NULL, 'Mes de marzo', 'pagado'),
  (12, 1012, 'Gastón Tapia Hijo', 1600, 'Efectivo', NULL, 'Mes de marzo', 'pagado'),
  (13, 1013, 'Edga Gamez / 001 928 398 0702', 1600, 'Transferencia', NULL, 'Mes de marzo', 'pagado'),
  (14, 1014, 'Eléctrica Díaz', 1600, 'Transferencia', NULL, 'Mes de marzo', 'pagado'),
  (15, 1015, 'Benjamin Cadena', 1600, 'Efectivo', NULL, 'Mes de marzo', 'pagado'),
  (16, 1016, 'Manuel Medina', 1600, 'Transferencia', NULL, 'Mes de marzo', 'pagado'),
  (17, 1017, 'Fernanda Felix / 653 136 8045', 1600, 'Transferencia', NULL, 'Mes de marzo', 'pagado'),
  (18, 1018, 'Lido Camacho', 1600, 'Efectivo', NULL, 'Mes de marzo', 'pagado'),
  (19, 1019, 'RESERVAS TERRITORIALES', 1600, 'Transferencia', NULL, 'Mes de marzo', 'pagado'),
  (20, 1020, 'Kohmi Textilera', 1400, 'Transferencia', NULL, 'Mes de marzo', 'pagado'),
  (21, 1021, 'Hidrogas', 1500, 'Transferencia', NULL, 'Mes de marzo', 'pagado'),
  (22, 1022, 'Fortunato Ortiz', 1300, 'Efectivo', NULL, 'Mes de marzo', 'pagado'),
  (23, 1023, 'Fortunato Ortiz', 1300, 'Efectivo', NULL, 'Mes de marzo', 'pagado'),
  (24, 1024, 'Jesus Palominos', 1600, 'Transferencia', NULL, 'Mes de marzo', 'pagado'),
  (25, 1025, 'Vicente Zuno', 1600, 'Efectivo', NULL, 'Mes de marzo', 'pendiente'),
  (26, 1026, 'Kristofer Gonzalez 653 127 7822', 2600, 'Transferencia', NULL, 'Mes de marzo', 'pagado'),
  (27, 1027, 'Melissa Ramirez', 1600, 'Transferencia', NULL, 'Mes de marzo', 'pagado'),
  (28, 1028, 'Ivan Bernal / 653 106 9091', 1600, 'Efectivo', NULL, 'Mes de marzo', 'pagado'),
  (29, 1029, 'Josue Esau / Inco', 1600, 'Efectivo', NULL, 'Mes de marzo', 'pagado'),
  (30, 1030, 'Gasolinera Bonfil', 11200, 'Transferencia', NULL, 'Mes de marzo', 'pagado'),
  (31, 1031, 'Antonio Morales / 653 127 5881', 1600, 'Efectivo', NULL, 'Mes de marzo', 'pagado'),
  (32, 1032, 'Hector Encinas', 1600, 'Transferencia', NULL, 'Mes de marzo', 'pagado'),
  (33, 1033, 'Cesar Castro / 653 177 9121', 1600, 'Efectivo', NULL, 'Mes de marzo', 'pagado'),
  (34, 1034, 'Inmobiliria Eloy Carmelo / Imss', 39600, 'Transferencia', NULL, 'Mes de marzo', 'pagado'),
  (35, 1035, 'Gaston Tapia ', 1600, 'Transferencia', NULL, 'Mes de marzo', 'pagado'),
  (36, 1036, 'Francisco Olea', 1500, 'Efectivo', NULL, 'Mes de marzo', 'pagado'),
  (37, 1037, 'Gustavo Higuera / 653 130 6632 / Jorge Arce', 1600, 'Efectivo', NULL, 'Mes de marzo', 'pagado'),
  (38, 1038, 'Guadalupe Santa Cruz', 1600, 'Transferencia', NULL, 'Mes de marzo', 'pagado'),
  (39, 1039, 'Marcos Núñez', 1600, 'Efectivo', NULL, 'Mes de marzo', 'pagado'),
  (40, 1040, '816 Arquitectos', 1600, 'Transferencia', NULL, 'Mes de marzo', 'pendiente'),
  (41, 1041, 'Grupo Centra', 1600, 'Transferencia', NULL, 'Mes de marzo', 'pagado'),
  (42, 1042, 'Blas Mechanical', 2600, 'Transferencia', NULL, 'Mes de marzo', 'pagado'),
  (43, 1043, 'Ubora', 1600, 'Transferencia', NULL, 'Mes de marzo', 'pagado'),
  (44, 1044, 'ReaClima', 7000, 'Transferencia', NULL, 'Mes de marzo', 'pendiente'),
  (45, 1045, 'Bombatec', 10000, 'Transferencia', NULL, 'Mes de marzo', 'pendiente'),
  (46, 1046, 'GP3 / Pedro Ochoa', 9000, 'Transferencia', NULL, 'Mes de marzo', 'pagado'),
  (47, 1047, 'Kohmi Textilera', 2000, 'Transferencia', NULL, 'Mes de marzo', 'pagado'),
  (48, 1048, 'GDI / DIEGO LOZANO', 3000, 'Transferencia', NULL, 'Mes de marzo', 'pagado'),
  (49, 1049, 'Kristofer Gonzalez 653 127 7822', 4500, 'Transferencia', NULL, 'Mes de marzo', 'pagado'),
  (50, 1050, 'AIRMAT México', 6500, 'Transferencia', NULL, 'Mes de marzo', 'pagado'),
  (51, 1051, 'Electrica Díaz', 3750, 'Efectivo', NULL, 'Mes de marzo', 'pagado');

INSERT INTO renta.registros_ruta (id, orden_id, cliente, ubicacion, map_lat, map_lng, notas, estatus, evidencia1, evidencia2, evidencia3, evidencia4, evidencia5, firma, hora_firma, ruta, dia, fecha) VALUES
  (1, 1001, 'Constructora Noroeste del Desierto', 'Obra Av. Obregon 1201', NULL, NULL, 'Sin novedad', 'completado', '/placeholder.svg', '/placeholder.svg', NULL, NULL, NULL, '/placeholder.svg', '09:15'::time, 1, 'Lunes', '2026-02-16'::date),
  (2, 1003, 'Inmobiliaria Pinacate', 'Calle Segunda 908', NULL, NULL, 'Acceso complicado', 'completado', '/placeholder.svg', NULL, NULL, NULL, NULL, '/placeholder.svg', '10:30'::time, 1, 'Lunes', '2026-02-16'::date),
  (3, 1010, 'Municipio de San Luis RC', 'Palacio Municipal S/N', NULL, NULL, NULL, 'completado', '/placeholder.svg', '/placeholder.svg', '/placeholder.svg', NULL, NULL, '/placeholder.svg', '11:45'::time, 2, 'Lunes', '2026-02-16'::date),
  (4, 1005, 'Festival del Golfo de Santa Clara', 'Malecon Turistico S/N', NULL, NULL, 'Mucha gente, dificil acceso', 'completado', '/placeholder.svg', '/placeholder.svg', '/placeholder.svg', '/placeholder.svg', NULL, '/placeholder.svg', '13:00'::time, 3, 'Lunes', '2026-02-16'::date),
  (5, 1008, 'Desarrollo Urbano Sonora Desierto', 'Eje Federalismo 2100', NULL, NULL, NULL, 'completado', '/placeholder.svg', NULL, NULL, NULL, NULL, '/placeholder.svg', '14:30'::time, 4, 'Lunes', '2026-02-16'::date),
  (6, 1002, 'Eventos Rio Colorado', 'Blvd. Luis Donaldo Colosio 455', NULL, NULL, NULL, 'completado', '/placeholder.svg', '/placeholder.svg', NULL, NULL, NULL, '/placeholder.svg', '08:45'::time, 2, 'Martes', '2026-02-17'::date),
  (7, 1006, 'Grupo Constructor San Luis RC', 'Carretera San Luis RC - Mexicali Km 7', NULL, NULL, 'Limpieza profunda', 'completado', '/placeholder.svg', '/placeholder.svg', NULL, NULL, NULL, '/placeholder.svg', '10:00'::time, 3, 'Martes', '2026-02-17'::date),
  (8, 1009, 'Grupo Constructor San Luis RC', 'Carretera San Luis RC - Mexicali Km 7', NULL, NULL, 'Lavamanos OK', 'completado', '/placeholder.svg', NULL, NULL, NULL, NULL, '/placeholder.svg', '10:15'::time, 3, 'Martes', '2026-02-17'::date),
  (9, 1005, 'Festival del Golfo de Santa Clara', 'Malecon Turistico S/N', NULL, NULL, NULL, 'completado', '/placeholder.svg', '/placeholder.svg', NULL, NULL, NULL, '/placeholder.svg', '12:00'::time, 3, 'Martes', '2026-02-17'::date),
  (10, 1001, 'Constructora Noroeste del Desierto', 'Obra Av. Obregon 1201', NULL, NULL, NULL, 'pendiente', NULL, NULL, NULL, NULL, NULL, NULL, NULL, 1, 'Miercoles', '2026-02-18'::date),
  (11, 1003, 'Inmobiliaria Pinacate', 'Calle Segunda 908', NULL, NULL, NULL, 'pendiente', NULL, NULL, NULL, NULL, NULL, NULL, NULL, 1, 'Miercoles', '2026-02-18'::date),
  (12, 1010, 'Municipio de San Luis RC', 'Palacio Municipal S/N', NULL, NULL, NULL, 'pendiente', NULL, NULL, NULL, NULL, NULL, NULL, NULL, 2, 'Miercoles', '2026-02-18'::date),
  (13, 1005, 'Festival del Golfo de Santa Clara', 'Malecon Turistico S/N', NULL, NULL, NULL, 'en_proceso', '/placeholder.svg', NULL, NULL, NULL, NULL, NULL, NULL, 3, 'Miercoles', '2026-02-18'::date),
  (14, 1008, 'Desarrollo Urbano Sonora Desierto', 'Eje Federalismo 2100', NULL, NULL, NULL, 'pendiente', NULL, NULL, NULL, NULL, NULL, NULL, NULL, 4, 'Miercoles', '2026-02-18'::date),
  (15, 1002, 'Eventos Rio Colorado', 'Blvd. Luis Donaldo Colosio 455', NULL, NULL, NULL, 'pendiente', NULL, NULL, NULL, NULL, NULL, NULL, NULL, 2, 'Jueves', '2026-02-19'::date),
  (16, 1006, 'Grupo Constructor San Luis RC', 'Carretera San Luis RC - Mexicali Km 7', NULL, NULL, NULL, 'pendiente', NULL, NULL, NULL, NULL, NULL, NULL, NULL, 3, 'Jueves', '2026-02-19'::date),
  (17, 1005, 'Festival del Golfo de Santa Clara', 'Malecon Turistico S/N', NULL, NULL, NULL, 'pendiente', NULL, NULL, NULL, NULL, NULL, NULL, NULL, 3, 'Jueves', '2026-02-19'::date),
  (18, 1001, 'Constructora Noroeste del Desierto', 'Obra Av. Obregon 1201', NULL, NULL, NULL, 'pendiente', NULL, NULL, NULL, NULL, NULL, NULL, NULL, 1, 'Viernes', '2026-02-20'::date),
  (19, 1005, 'Festival del Golfo de Santa Clara', 'Malecon Turistico S/N', NULL, NULL, NULL, 'pendiente', NULL, NULL, NULL, NULL, NULL, NULL, NULL, 3, 'Viernes', '2026-02-20'::date),
  (20, 1008, 'Desarrollo Urbano Sonora Desierto', 'Eje Federalismo 2100', NULL, NULL, NULL, 'pendiente', NULL, NULL, NULL, NULL, NULL, NULL, NULL, 4, 'Viernes', '2026-02-20'::date),
  (21, 1002, 'Eventos Rio Colorado', 'Blvd. Luis Donaldo Colosio 455', NULL, NULL, NULL, 'pendiente', NULL, NULL, NULL, NULL, NULL, NULL, NULL, 2, 'Sabado', '2026-02-21'::date),
  (22, 1005, 'Festival del Golfo de Santa Clara', 'Malecon Turistico S/N', NULL, NULL, NULL, 'pendiente', NULL, NULL, NULL, NULL, NULL, NULL, NULL, 3, 'Sabado', '2026-02-21'::date),
  (23, 1002, 'Eventos Rio Colorado', 'Blvd. Luis Donaldo Colosio 455', NULL, NULL, NULL, 'pendiente', NULL, NULL, NULL, NULL, NULL, NULL, NULL, 2, 'Domingo', '2026-02-22'::date),
  (24, 1005, 'Festival del Golfo de Santa Clara', 'Malecon Turistico S/N', NULL, NULL, NULL, 'pendiente', NULL, NULL, NULL, NULL, NULL, NULL, NULL, 3, 'Domingo', '2026-02-22'::date);

COMMIT;